酒店名称,评论日期,评论内容,入住房型
H10,2020-01-01,酒店的刮胡刀别用，质量太差。,南海翼高级客房
H10,2020-01-01,泳池不错，交通便利，楼上还有空中酒吧，主要是附件有海上世界，有好多餐厅很商场，挺热闹的。离蛇口近，澳门**酒店过来方便,标准大床房
H10,2020-01-01,没有喝水的杯子，可能太隐蔽了找不到，然后说送一下充电器，我们退房了都没能送来,南海翼高级客房
H10,2020-01-02,跨年来住，酒店房间和公共空间设施都不错，酒店工作人员普遍态度良好、表现专业，符合酒店价位和定位。虽然酒店的地理位置不是市中心，但在热闹和宁静之间取得不错平衡，附近不会因为是市中心而人特别多，靠海能享受景色和休闲气氛，同时酒店附近有海上世界商场、步行可到，不愁逛吃。另外，酒店有颇多车位的地下车库，适合自驾者。,标准大床房
H10,2020-01-02,可以可以，又来住啦,标准大床房
H10,2020-01-02,帮忙升级了房间,南海翼临海套房
H10,2020-01-03,当时点了客房送餐，一个多小时后也没有送来，后来打了若干个电话才送餐，说是客人多忙不过来，送来的餐食味道很差，又被烧焦，经过协商酒店觉得实在对不起客人只好当作赠送，同时让厨房师傅前来道歉。虽然是这样但是耽误我们太多的时间，导致下午的行程安排全部打乱。,南海翼临海套房
H10,2020-01-03,地理位置不错，壹方城里什么都有，泡几天也没问题，酒店自己定位商务酒店，硬件还不错，湾景房目前景观一般，因为有个大工地，日夜赶工，酒店价钱依然把湾景房价格弄得比城景高就很明显搞小聪明了，订了一间湾景一间城景，酒店小哥哥直接说其实没必要订湾景；呵呵，消费者心里会记得的：）JW万豪，不地道；泳池是真心不错，目测至少有三个救生员，40米的水池，恒温28度，入水稍微有点凉，旁边有个宝宝池33度左右吧，比较暖和，重点是人少，游泳体验很好，水质看起来也比较干净，更衣室有按摩浴池，有点像日本酒店的小汤，还有热石椅，还不错早餐不过不失，没有亮点但也不会失了标准；总体感觉就是硬件不错，泳池的管理和服务水平超过预期，礼宾的管理不够到位，亟需培训，达不到万豪的标准；对比十一入住的深圳南海希尔顿专业服务程度相差一大截，据说大工地是个游乐场，希望万豪能改进服务水平吧……酒店停车场的对接相当让我不满意，另一条评论里已经详述，这儿就不啰嗦了,豪华湾景大床房
H10,2020-01-03,"大致上都不錯, 只是櫃台服務人員要多注意等候人員的狀況 ... 日前住宿要退房時，排隊排了一點時間，接著來了另一個客人要退房，她沒排隊，就站我旁邊等，新到來的櫃台人員，也不詢問，直接就叫那個沒排隊的人，真是無言",标准大床房
H10,2020-01-03,各方面还是非常好的，就是小孩子玩的地方有点少。,南海翼双床标准客房
H10,2020-01-03,這次與內人出遊，特別訂了825房號的房型，一個大陽台擁有超級無敵海景，再加上可以使用行政樓的bar，真是物有所值！,行政豪华客房
H10,2020-01-03,超級舒服 員工服務態度很好 免費幫我升級 枕頭還可以分軟硬 日式裝修超級乾淨 Wi-Fi訊號還有翻牆,南海翼高级客房
H10,2020-01-03,十級好 必訂 服務好 都可以滿足全部合理要求！免費升級了 枕頭又可以分軟硬！員工服務態度很好！日式裝修超級乾淨,南海翼大床标准客房
H10,2020-01-04,没有在靠海那边，风景差一点点,南海翼临山套房
H10,2020-01-04,卫生太差了，感觉像快捷酒店的被子，地毯下有个坑，孩子摔了一跤。早上6点闹钟把我们吵醒，可能前面的客人定的闹钟，醒来再也没睡着。晚上12点入住，前台非要让我们花钱升级房间，一间房间花了245元升级到了主楼，早上我们就退房了，觉得上当了。房间里没有酒水单，用了就收费，床头放着收费的卫生用品，让你怀疑这是1200元不含早餐的房间吗！希尔顿酒店是五星级酒店中的垃圾，随便一家五星级酒店都不回这么干。,南海翼双床标准客房
H10,2020-01-04,商务出行。,南海翼双床标准客房
H10,2020-01-04,很好，非常舒适,南海翼大床标准客房
H10,2020-01-04,就是太贵了,标准大床房
H10,2020-01-04,酒店位置还不错 很方便,南海翼高级客房
H10,2020-01-05,酒店临近海上世界，晚上很热闹。设施齐全，服务到位，还能在房内扫二维码预约餐食及服务，免去了电话沟通的繁琐,豪华湾景大床房
H10,2020-01-06,It is good location near by metro train and even ferry to Hong Kong We lost iPad but the staff found it and returned it back What a nice people,南海翼临山套房
H10,2020-01-06,挺好的，环境什么的,南海翼豪华客房
H10,2020-01-06,It has really nice swing pools not only one three including warm spa I recommended it for a kid Will come back Thanks,南海翼临山套房
H10,2020-01-07,还行，服务态度很好,豪华湾景双床房
H10,2020-01-07,地理位置非常好，酒店环境好,南海翼临海套房
H10,2020-01-07,环境依旧不错保持老酒店的格调又有新的装修风格现代简约设计融入 比原先有质的飞跃,南海翼大床标准客房
H10,2020-01-08,干净卫生，服务态度超级好,豪华湾景大床房
H10,2020-01-08,各方面还算可以都还行吧,标准大床房
H10,2020-01-09,"A very nice hotel, located in the major attractions of the city. The service was good.Very nice.",标准大床房
H10,2020-01-09,酒店很好，海边房,标准双床房
H10,2020-01-09,房型大小合适，床前海景非常漂亮,豪华湾景大床房
H10,2020-01-10,环境之类的很好,南海翼临海套房
H10,2020-01-10,早餐非常丰富，房间环境卫生干净。,标准大床房
H10,2020-01-10,两栋楼，刚开始呗安排在副楼的南翼房，很像招待所，服务人员接待黑脸，服务态度根本不达标，定的房间跟被安排的海景房跟图片不符合，看不到海，而且阳台很小，空间很压抑。后经过调解，其中一位服务人员才愿意换到主楼的房间。主楼的房间才看到海湾景但是没有阳台。上面顶楼有酒吧。主楼的服务人员态度好很多。离商场区很近。没有独自海滩。,南海翼豪华客房
H10,2020-01-10,住的挺干净卫生，早歺也可以，有小朋友玩的地方，但没去，这次去再玩一下，很清静,豪华湾景大床房
H10,2020-01-11,"This hotel is a real 5 star hotel, with great and modern facilities that you can expect from this global chain. Staff are helpful and friendly. Beautiful views of the bay, although there's alot of construction going on nearby. Breakfast has alot of variety for both westerners or Chinese. It's about 400m walk to the SeaWorld which has alot of choice of eateries.",标准双床房
H10,2020-01-11,风景好 干净 卫生,标准双床房
H10,2020-01-11,早餐很好，很丰盛,南海翼临海套房
H10,2020-01-12,环境好干净整洁,南海翼大床标准客房
H10,2020-01-12,喜欢酒店周边环境,标准大床房
H10,2020-01-12,很好很好！,行政湾景大床房
H10,2020-01-12,洗漱用品种类太少,行政豪华客房
H10,2020-01-13,很不错的酒店！服务设施都很满意！自助餐很不错！特别是在酒店对面的博物馆喝茶，环境食物出品很一流！价格很惊喜…期待下次再入住。,标准双床房
H10,2020-01-14,卫生好；环境优美,标准双床房
H10,2020-01-14,"Beau sjour, nous avons profit de la piscine.",南海翼双床标准客房
H10,2020-01-14,位置很好，服务态度好！,标准大床房
H10,2020-01-15,这次在深圳的行程总共住了7家五星级酒店，最好的是瑞吉，蛇口希尔顿这里是最差酒店。第一，入住时前台使劲推销，游说我们每晚加500升级到行政楼层并且承诺提供自助晚餐，等到晚上去自助餐厅被拒，才发现所谓的自助晚餐只是行政酒廊的下午茶欢乐时光，这样的推销严重带欺骗性，让人感觉被忽悠了，体验很不好。第二，空调噪音大引起低频共振，呆在房间耳朵脑袋十分难受，酒店内部人员说一半以上的房间都有这个问题，我们去隔壁房间发现也是一样，导致入住期间空调都不敢开闷热难受。第三，只要与客服沟通换房，就是我们酒店百分百入住率无房可换，但是只要?钱就可以换。第四，入住期间需要出行让帮忙叫一辆出租车，等待10分钟后没见车辆遂去询问，是否叫车了，服务员嘴上说稍等，脸上极其不耐烦，然后还是看不到车子，只好自己走到门口叫滴滴解决。第五，作为希尔顿金会员，询问一下是否有延迟退房，行政客服回复，酒店百分百入住率。第六，房间内的淋浴间，有严重安全隐患，只有内侧是防滑地砖，外侧门口一大块非防滑地砖，进出都要踩到，特别是洗完澡的湿地砖非常滑，容易摔倒。,南海翼大床标准客房
H10,2020-01-15,设施一流，服务无可挑剔，不愧是5星级酒店，提供的早餐营养很丰富，大床睡得很舒服，真心期待下次再入住。,南海翼大床标准客房
H10,2020-01-15,环境设施都不错,标准双床房
H10,2020-01-15,好。。。。,南海翼高级客房
H10,2020-01-16,位置优越风景独好,标准大床房
H10,2020-01-16,旁边是蛇口邮轮中心，海上世界，出行、吃饭方便。主楼比南翼楼格调高，港湾景不错,豪华湾景双床房
H10,2020-01-17,有收费停车场，,南海翼临海套房
H10,2020-01-17,风景名胜区,南海翼双床标准客房
H10,2020-01-17,很棒的体验，酒店因是新的，设施和房间都很好。全海景房里住着很舒服，就是办理入住手续有点慢，也不让延时退房。,豪华湾景双床房
H10,2020-01-17,海景不错??设施舒适品质高,标准大床房
H10,2020-01-17,住过最差的希尔顿，装修像快捷酒店，一点档次都没有，充电器落在酒店了，打电话过去问也说没看到，差劲，不会再住。,南海翼大床标准客房
H10,2020-01-18,环境很好。,南海翼双床标准客房
H10,2020-01-18,希尔顿旗下很多酒店 我都搞不懂哪个是五星级的了 ，这个酒店 软硬件 都达不到五星级酒店标准,豪华湾景大床房
H10,2020-01-19,酒店环境不错，交通便利，设施齐全，服务非常周到，房间里面装饰装修很清晰雅致，房间面积合适，非常适合居住，下次还会入住的。,豪华湾景大床房
H10,2020-01-20,风高端大气,标准大床房
H10,2020-01-20,各方面都不错，价格也不错,标准大床房
H10,2020-01-21,很赞很赞，还会住,南海翼豪华客房
H10,2020-01-21,房间很新 宽敞,南海翼临山套房
H10,2020-01-21,环境超好就在海边，旁边还有一个展馆，楼顶伊甸园的鸡尾酒都挺不错,标准大床房
H10,2020-01-21,服务很好，态度好,南海翼临海套房
H10,2020-01-22,适合带孩子,标准双床房
H10,2020-01-22,早餐很棒，酒店位置好，在海上世界旁，步行三分钟到。面朝大海，紧临美丽的滨海大道。酒店设施好，床和床上用品不错。第二次入住了。强烈推荐,标准双床房
H10,2020-01-24,This is my favorite hotel in Shenzhen. Great location with spectacular views of Shenzhen Bay. Their restaurants are world class.,标准大床房
H10,2020-01-25,热情服务 态度有爱 环境优美 强烈推荐??????,豪华湾景双床房
H10,2020-01-26,服务很好。,豪华湾景大床房
H10,2020-01-26,"自助早餐品种很多中西皆有,仅粥就有六、七样还有豆浆油条！吃不过来,用歺的歺厅也是高大上！",标准双床房
H10,2020-01-28,早餐還不錯,南海翼双床标准客房
H10,2020-01-28,很好 环境 没得谈 还看到了海上日出 早上可以海边跑下步 楼下小柜台 马卡龙很好吃 小朋友超喜欢吃！,南海翼临海套房
H10,2020-01-29,最喜欢的是早餐、泳池、风光。,南海翼临山套房
H10,2020-01-30,环境很好??,豪华湾景大床房
H10,2020-01-30,退房时落了一件外套 打了很多电话了，每个人都在推脱 到现在也没有个结果。,南海翼大床标准客房
H10,2020-01-31,大集团酒店还行,豪华湾景双床房
H10,2020-01-31,股务不好??,标准双床房
H10,2020-01-31,感觉不错，但是没有在楼顶看到夜景,标准大床房
H10,2020-01-31,出差入住的，酒店服务各方面都不错。,豪华湾景大床房
H10,2020-02-01,非常好，餐食不错,南海翼豪华客房
H10,2020-02-01,酒店乾淨，漂亮！服務態度十分好，可以再次入住！讚！,南海翼双床标准客房
H10,2020-02-01,酒店环境不错，酒店设备齐全！小朋友不会无聊！,行政双床房
H10,2020-02-03,很不錯環境好,无障碍大床房
H10,2020-02-06,环境好，距离码头近,南海翼大床标准客房
H10,2020-02-08,舒适，整洁，风景好，每次去深圳我都住这里,豪华湾景大床房
H10,2020-02-11,值得这个价格,标准大床房
H10,2020-02-12,很不错，推荐,南海翼临山套房
H10,2020-02-14,朋友非常满意,南海翼临海套房
H10,2020-02-14,适合商务出行,南海翼高级客房
H10,2020-02-14,套房很宽敞,行政双床房
H10,2020-02-14,朋友很满意！,标准大床房
H10,2020-02-14,套房适合家庭,标准大床房
H10,2020-02-14,大海超级美,豪华湾景大床房
H10,2020-02-14,对面就是香港，环境优美。,南海翼临山套房
H10,2020-02-14,环境真好，住着舒服。,南海翼高级客房
H10,2020-02-14,贵的东西除了贵，其他没毛病！,南海翼高级客房
H10,2020-02-16,不想打字呀,南海翼临山套房
H10,2020-02-19,非常棒非常棒,南海翼临海套房
H10,2020-02-27,深圳最喜欢的度假酒店,南海翼临海套房
H10,2020-02-27,深圳最喜欢的度假酒店,南海翼临海套房
H10,2020-02-28,卫生好，服务好，吃的好。,行政双床房
H10,2020-03-04,干净，服务好,南海翼大床标准客房
H10,2020-03-09,好喜欢希尔顿，无论是服务还是设施皆属一流品质。晚上七点订的酒店，真正到达已过12点，说实话并未在酒店停留很长时间，而且疫情期间，还是很多不便，例如空调是中央空调，所以不能开。我们订的是临海套房，睡到半夜好热，被蚊子咬得惨兮兮，凌晨三点起来打蚊子，实在受不了了打给前台问才知道床头柜有驱蚊水。当时是有点想哭的，啊，干嘛要跑来住酒店，家里睡不香吗？但有一说一，抛开疫情原因，如果能开空调，真的很完美，我超爱这种房间风格设计，两个洗手盆，独立卫生间里面还有个洗手台。而且工作人员的态度都非常非常好，后面还打电话回访了，很担心有什么让我们不满意的地方。我就提了一下蚊子的事，一直在道歉，这并不是你们的错！下次住酒店还会选择希尔顿的！爱了。,南海翼临海套房
H10,2020-03-11,视野很好，临时还升级了,标准大床房
H10,2020-03-13,房间干净，安静，近海边的套房感冒很舒服,南海翼临海套房
H10,2020-03-18,环境不错，,豪华湾景大床房
H10,2020-03-19,不错，安静舒适,南海翼大床标准客房
H10,2020-03-20,很舒适，干净！,南海翼大床标准客房
H10,2020-03-22,无愧于高端酒店,南海翼大床标准客房
H10,2020-03-22,性价比有些低，不如南山其他五星,高级客房
H10,2020-03-22,还可以吧，没有中央空调稍微有点热，其他都挺好,南海翼大床标准客房
H10,2020-03-22,免费升级了套房，挺好的,南海翼大床标准客房
H10,2020-03-30,非常好，疫情期间服务也很好，小朋友们很开心,南海翼豪华客房
H10,2020-03-31,都很好！服务态度好,南海翼豪华客房
H10,2020-04-03,真的非常好,南海翼双床标准客房
H10,2020-04-04,环境不错，游泳池健身房没开放,南海翼临山套房
H10,2020-04-07,风景很不错,南海翼临山套房
H10,2020-04-07,餐饮一般，服务都还不错，风景很好,南海翼临海套房
H10,2020-04-11,都不错，服务等等。电梯内有防疫的洗手液 放心。浴巾等都是高质量的价格,南海翼大床标准客房
H10,2020-04-13,很不错的酒店,标准大床房
H10,2020-04-15,安静，临海，,南海翼临海套房
H10,2020-04-16,今天入住底层也不错 深圳蛇口希尔顿**酒店 ，本想入住带海景房，无奈疫情不开,南海翼大床标准客房
H10,2020-04-17,环境好，设施也好！,南海翼大床标准客房
H10,2020-04-17,酒店的价格和环境都很好，推荐,豪华套房
H10,2020-04-18,位置很好，周边配套好,标准大床房
H10,2020-04-18,前台服务态度很好。,南海翼豪华客房
H10,2020-04-19,酒店位置超棒,豪华湾景大床房
H10,2020-04-20,酒店非常不错，服务人员热情漂亮，硬件设施好,南海翼南海套房
H10,2020-04-20,服务太差了！,南海翼临山套房
H10,2020-04-23,酒店很好！就是有点抠门,南海翼大床标准客房
H10,2020-04-24,酒店不错，看起来很新且视野开阔，喜欢房间的装饰风格很现代。因为第二天一早要去坐船就订了这里，离蛇口港近，但是也需要打车。,标准大床房
H10,2020-04-25,很不错的酒店！,南海翼双床标准客房
H10,2020-04-28,非常好的一次体验，前台热情，业务办理的很快，笑容灿烂，房间的性价比很高很高，下次还会在这里住，很好的体验,南海翼大床标准客房
H10,2020-04-30,环境设施跟五星级完全搭不上边,南海翼大床标准客房
H10,2020-05-01,Nice hotel with top facilities,南海翼大床标准客房
H10,2020-05-03,家人都喜欢，很棒,标准双床房
H10,2020-05-03,非常满意的入住,南海翼临海套房
H10,2020-05-03,酒店很舒适，环境很好，非常喜欢,豪华湾景双床房
H10,2020-05-03,夸大宣传服务一般,南海翼豪华客房
H10,2020-05-04,还可以的啊,标准大床房
H10,2020-05-05,位置很好，距离海上世界也就五分钟路程；定的海景房，看出去就是海。入住后，出了点小意外，划破了手指，联系经理处理的并不满意，服务意识以及服务操作有待操作。,豪华湾景大床房
H10,2020-05-05,还不错可以选择,豪华湾景双床房
H10,2020-05-05,如果比较注重酒店服务相关感受的话推荐选择**.**不管是前台.还是任何一位酒店服务人员的态度都是一样的微笑和热情.他们很愿意为你做任何事情.,南海翼高级客房
H10,2020-05-05,**的房间整体设施.格局.档次.外面的风景都是相对主楼要逊色一截的.但优点是：采光好.房间通透.服务好.你见到的每个人都是大大的笑脸.??,南海翼高级客房
H10,2020-05-05,酒店房间设施外面风景体验都非常好.打扫也非常贴心.早餐确实是没啥吃的.但口感还是可以的.,标准大床房
H10,2020-05-05,升级了海景房.房间非常舒服非常好.但是偶然间去前台咨询个问题.前台态度十分高傲.,标准大床房
H10,2020-05-05,不错 环境舒适 前台 礼宾 服务态度好,南海翼临海套房
H10,2020-05-05,房间环境 设备 打扫都给满分 服务态度实在是…也是非常统一的高傲 晚上在酒店吃了自助晚餐 15%服务费是可以理解的 然而其实根本没人服务 没啥吃的 拿东西贵的也十分舍不得,标准大床房
H10,2020-05-06,早餐实在是很一般,标准双床房
H10,2020-05-06,酒店位置挺好,豪华湾景大床房
H10,2020-05-07,感觉还不错,标准大床房
H10,2020-05-07,这次选了双人床，房间稍微有些小问题，酒店经理打电话回访，处理很到位，服务态度很好，酒店的餐也不错，住了4天，基本都有点餐，服务都很好，很可惜泳池没能开放，希望疫情尽快过去，还有酒店的电视真的应该升级了，都没法投屏，遥控器也是比较难操作，这次入住马马虎虎，感觉第一次的大床海景更舒服些,豪华湾景双床房
H10,2020-05-09,环境非常好，装修风格大气上档次，枕头好舒服。短旅行最佳选择的酒店，面朝大海心情舒畅。,豪华湾景大床房
H10,2020-05-10,每次回深圳都没在家住，都住希尔顿，有家的感觉，服务很好，环境很清幽，不在闹区，定的套房够大有阳台一切都很满意，下次还入住,南海翼临海套房
H10,2020-05-11,赞赏点:位置好，安静平常点:前台办理入住为主动征询顾客意见便要给我办会员卡，服务流程和态度不够专业。房间卫生一般。吐槽点:早餐种类少且味道很一般，而且装牛奶的餐壶有明显污点，牛奶豆浆兑水严重！最不可思议的是刺身竟然是坏的！！！不忍直视！！！,南海翼临海套房
H10,2020-05-12,很好的体验，很舒服,南海翼临海套房
H10,2020-05-12,很好的体验,南海翼南海套房
H10,2020-05-12,"每次出行都会选择的酒店，**的套房相对安静，宽敞，采光很舒适，户外的草坪也适合走走,比主楼相对适合度假出行的人",南海翼临山套房
H10,2020-05-12,隔三差五到酒店住，非常喜欢，值班经理Esther Chen人很nice，每次都帮提前准备好房间，出行旅游首选,南海翼临海套房
H10,2020-05-13,很新，装修好看，服务很好，周边很多吃的，走路五分钟就到海上世界，景色也不错，旁边还有美术馆，适合家庭度假,南海翼豪华客房
H10,2020-05-13,服务很贴心 酒店环境好 前台接待超级棒 距离玩的地方很近 周围也很多美食,南海翼临海套房
H10,2020-05-14,风景非常好,无障碍大床房
H10,2020-05-14,感觉非常好,南海翼临海套房
H10,2020-05-14,给升级房间了。,标准大床房
H10,2020-05-14,给升级房间了。,标准大床房
H10,2020-05-14,给升级房间了。,南海翼大床标准客房
H10,2020-05-14,给升级房间了,南海翼临海套房
H10,2020-05-14,服务很好，热情高效,南海翼大床标准客房
H10,2020-05-14,每次出差都选择住这里，主要是喜欢看海。这里海景还可以，推荐不封窗的阳台。酒店环境也比较安静。附近商场是海上世界，走路可以去到。下次还会来。,南海翼临海套房
H10,2020-05-14,很不错，免费升了套房,南海翼大床标准客房
H10,2020-05-15,疫情期间，不好说，性价比一般,标准双床房
H10,2020-05-15,酒店在蛇口船厂附近，周边环境特别好，海湾步行道就在旁边,南海翼临海套房
H10,2020-05-17,帮他人订的,豪华湾景大床房
H10,2020-05-17,服务一般，第二天我还没有出门，酒店服务员就敲门直接开门进来问有没有衣服洗，直接开门了，我是女孩子，一个男的突然开我的门，吓死我了，建议这方面有待改善。,标准大床房
H10,2020-05-17,非常好的。,标准大床房
H10,2020-05-17,环境不错，没体验到早餐比较可惜,南海翼临海套房
H10,2020-05-17,环境很好，视野也很好，服务??,南海翼双床标准客房
H10,2020-05-17,酒店服务超级好，环境也不错,标准大床房
H10,2020-05-18,希尔顿，蛇口海上世界的五星酒店，环境优美，出行方便，海上世界更是各国美食，旅行度假特别适合的高端酒店，已经入住过几次了！前台的孙帅哥还给我们升级了海景大床房，刚好对着深圳豪宅双玺海之门。,标准大床房
H10,2020-05-19,非常好，很适合一家大小去,南海翼临海套房
H10,2020-05-20,安静，环境优雅,豪华湾景大床房
H10,2020-05-20,酒店有地面和地下停车场 停车很方便，工作人员专业细致 服务态度好，保洁阿姨也很好 。推荐！,标准双床房
H10,2020-05-22,很棒 海景美的,标准大床房
H10,2020-05-22,酒店的位置离海上世界很近，停车也很方便，住客是免费停车。 前台的服务态度特别好，办入住也非常快。套房很大，有两个阳台，可以看到海湾游艇。提供茶具，有种宾至如归的感觉。 另外卫浴是分开的，很用心的设计。喜欢，还会再次入住，推荐！,豪华湾景大床房
H10,2020-05-22,前台服务特别好很暖心,无障碍大床房
H10,2020-05-22,很喜欢 下次还会选择,南海翼大床标准客房
H10,2020-05-24,过去出差的酒店,标准双床房
H10,2020-05-25,非常好非常满意,标准大床房
H10,2020-05-25,????? ? ????? ?????? ??? ??,南海翼大床标准客房
H10,2020-05-25,服务态度好，必须五星好评,豪华湾景双床房
H10,2020-05-25,一看外形设计就很喜欢的酒店，凸出来的阳台像海里的贝壳??。酒店位于蛇口港，能看见漂亮的海湾和码头，停车方便，离地铁也不远。旁边有海上世界，两公里左右也有老字号早茶。旁边有海湾公园，可以晨跑，也可以去健身房锻炼，设备很齐全。早餐丰富，河粉和灌汤包很好吃，咖啡也很赞，非常适合带小朋友来，非疫情期间还会有很多适合小朋友的主题活动。这一期酒店下午茶繁花盛开，非常漂亮。服务也很贴心，热情，还给我升级了房间，是一次很不错是入住体验。,南海翼大床标准客房
H10,2020-05-25,环境很不错,标准大床房
H10,2020-05-25,服务一流，环境一流,豪华湾景大床房
H10,2020-05-25,环境卫生服务都特别好,南海翼大床标准客房
H10,2020-05-26,早餐住宿都很好,标准大床房
H10,2020-05-26,酒店环境整洁，房间布局堪称完美，优雅又不失情调，服务周到，让人无比舒心。给我营造了一种家的感觉，无论大处到小处都是那么无懈可击，价格也很合理。服务人员个个彬彬有礼，热情周到，尤其Esther经理真的特别好，每次下榻都特别照顾我。非常感谢！,标准大床房
H10,2020-05-26,五星酒店位置好，服务好,标准双床房
H10,2020-05-26,最近几次深圳都住在蛇口希尔顿，环境优美，感觉很好。,南海翼临海套房
H10,2020-05-26,环境很好，停车十分方便,南海翼双床标准客房
H10,2020-05-26,环境很好，尤其是夜景，迷人！,南海翼无障碍客房
H10,2020-05-26,疫情期间，餐食不是很丰富，但是还是很不错的。值得推荐！,标准大床房
H10,2020-05-26,海景房很舒适，以后会常来,标准大床房
H10,2020-05-26,空气好，景色美,标准大床房
H10,2020-05-27,服务不错吧！！！,标准双床房
H10,2020-05-27,十分满意 环境卫生都不错 早上可以看日出 晚上看夕阳 还会在来。入住多次了 这次是带朋友过来住都很满意 ！,无障碍大床房
H10,2020-05-27,第一次写点评，给个赞，从环境到服务，都满意,无障碍大床房
H10,2020-05-27,一直在他们家订，不过这次很失望，服务态度极差，对待常客就这样的态度。首页没有提示，下单完才有说，疫情期间注意自己身份有可能会住不了，你开玩笑呢，不早点讲，不在首页讲，作为老客户30秒下单的好嘛，谁会去翻下面的小字，真是搞笑，这次预定太失望啦,南海翼大床标准客房
H10,2020-05-27,卫生服务不错！,标准双床房
H10,2020-05-28,一直喜欢这里,无障碍大床房
H10,2020-05-28,一直喜欢这里,标准大床房
H10,2020-05-28,一直喜欢他,标准大床房
H10,2020-05-28,一直喜欢这里,标准大床房
H10,2020-05-28,服务太好了 高标准服务 让人兑泰安印象记好玩下次我带朋友来 还入住这里 也别点评石雪小姐姐,南海翼双床标准客房
H10,2020-05-29,海景很漂亮,标准大床房
H10,2020-05-29,环境不错合适,豪华湾景大床房
H10,2020-05-29,环境一流服务周到。,标准大床房
H10,2020-05-29,干净卫生服务态度好,南海翼大床标准客房
H10,2020-05-29,服务态度好，酒店非常安静,标准大床房
H10,2020-05-30,非常不错的体验,南海翼大床标准客房
H10,2020-05-30,环境优美，交通方便，房间干净整洁，服务态度很好,标准双床房
H10,2020-05-30,环境优美，交通方便，房间干净整洁，服务态度很好。,标准大床房
H10,2020-05-30,很好，下次还会继续预定，服务很到位，很热心，而且让客人有宾至如归的感觉，中间续住也办的很顺利，辛苦啦,标准大床房
H10,2020-05-31,景色非常好有跑步游泳运动的地方,南海翼临山套房
H10,2020-05-31,环境很不错,豪华湾景大床房
H10,2020-05-31,服务真的太好了 特别是那个叫Alan Li的帅哥 服务态度真棒 主动提行李 还升级了房间 然后还让人送了水果上来,南海翼大床标准客房
H10,2020-06-01,非常喜欢的酒店,南海翼大床标准客房
H10,2020-06-01,满意 非常好,南海翼临海套房
H10,2020-06-01,套房比较舒服,南海翼临海套房
H10,2020-06-01,蛇口中心位置，非常方便，赞,南海翼大床标准客房
H10,2020-06-01,每次带孩子去海上世界都会住这里，套房适合带孩子一起住,南海翼临海套房
H10,2020-06-01,很喜欢蛇口的希尔顿：美丽的港湾海景，漂亮的网红泳池，明亮时尚的装修风格，细致和周到的服务，周边海上世界丰富的餐饮都是多次来游玩的好选择。这次周六到达酒店时间的虽然稍晚，可是前台小姐姐热情的招待和给我们升级到豪华海景套房，打开房门的刹那还是被阳台外那美丽的海景所惊艳，而且房间内宽敞舒适，家里小朋友一直兴奋在房内的跑来跳去真是非常棒的一次周末入住体验，给蛇口希尔顿点赞！,豪华套房
H10,2020-06-02,看海，视野无敌了。周边有海上世界，可以逛吃。,南海翼临海套房
H10,2020-06-02,非常好，环境优美,豪华湾景大床房
H10,2020-06-02,给朋友订的 反应不错,南海翼南海套房
H10,2020-06-02,环境不错交通也方便，就是早餐很一般。,标准双床房
H10,2020-06-02,小时候跟爸爸妈妈来看海，渔女、游轮。很开心前台给升级套房，下次会再住！,南海翼大床标准客房
H10,2020-06-03,很好 很好的,豪华湾景大床房
H10,2020-06-03,酒店位置很好,南海翼大床标准客房
H10,2020-06-04,酒店位置超赞，停车场非常方便，环境优美,标准大床房
H10,2020-06-04,每次假期如果不能远行都要去一次，只可惜这次疫情不能游泳,标准双床房
H10,2020-06-04,酒店位置不错就在海上世界旁边，有地面和地下停车场，房间空间挺大的 ，干净卫生，适合带孩子或者周末小住放松放松。,标准大床房
H10,2020-06-04,超赞 下次还会再去,南海翼高级客房
H10,2020-06-04,环境非常好??,标准大床房
H10,2020-06-04,环境很不错，免费给我们升级了高楼层的景观。服务态度很好，下次还继续选择希尔顿…,无障碍大床房
H10,2020-06-05,环境很好，服务很周到，海景特别漂亮而且价格很便宜。顶层露天酒吧也很不错来深圳一定要来,标准大床房
H10,2020-06-06,安静 干净 服务周到 交通较为便利,标准大床房
H10,2020-06-06,本来深圳空气就好，海边的希尔顿环境更不错，来深圳四天，订了一晚希尔顿两晚温德姆，同五星明显希尔顿比温德姆好很多。港口旁的希尔顿占地面积大，酒店内的设计空间感非常棒，跟之前住过丽江的**同样有种地广人稀的感觉，显得私密性很好，前台Aileen小姐姐很nice的给订了顶层海景房，视野超棒，酒店工作人员见面会问好，服务也很周全。可能临海的原因，房间里会有一点海风的咸腥味，不大，不是很敏感的话可以忽略的那种，另外不好的一点就是卫生间的洗漱台或者卫生间把手上面会有水渍，让人分不清楚是清理过之后留下的还是没有清理过，其他部分倒还好，房间足够大，站大落地窗旁边会有眩晕感，卫生间灯光足够，拖鞋好穿，洗漱用品香味好闻，啊还有一点，马桶水流强度不够，嗯嗯完要冲两遍哈哈。另外洗手间灯光照人不如格**好看哈哈哈。比起市中心温德姆繁华的环境，我还是更喜欢度假风的蛇口希尔顿。,标准大床房
H10,2020-06-06,服务很差，完全不是印象中的希尔顿酒店。前台接待生硬，到了另一楼上房间，服务员完全不管你，不给引导，找电梯转了2圈。第二天早餐的接待也很差。早餐也没什么吃的。本来准备住2天，第二天移到中洲万豪酒店住，比这边好太多了。,标准大床房
H10,2020-06-06,舒适 喜欢 下次还去 后来在前台补款升级了可以看海的临海套房,南海翼豪华客房
H10,2020-06-06,环境非常好,标准大床房
H10,2020-06-06,服务很好，房间也很舒服下次还会再入住,南海翼无障碍客房
H10,2020-06-06,很好，很好的一次体验，房间很舒适很安静，适合商务休闲出行，特别特别棒！！！！！！！！！！！！！！！！！！！,豪华湾景大床房
H10,2020-06-07,**更好,豪华湾景大床房
H10,2020-06-07,很好下次还会再来。,南海翼双床标准客房
H10,2020-06-07,非常愉快的体验，景色美，服务好，物超所值。,豪华湾景大床房
H10,2020-06-07,还不错。。。。,南海翼临山套房
H10,2020-06-07,很好....,标准大床房
H10,2020-06-07,还可以吧。,豪华湾景大床房
H10,2020-06-07,还不错 会再次入住,南海翼大床标准客房
H10,2020-06-08,服务比较好！,南海翼临海套房
H10,2020-06-08,高大上，满意,标准双床房
H10,2020-06-08,Tina服务非常热情，大大点赞！临海套非常棒，下次还会入住。,南海翼临海套房
H10,2020-06-08,非常值得一试的酒店，性价比超高,标准大床房
H10,2020-06-08,早餐不错，房间比较小，大约20平，走路五分钟有翠华，楼下滨海步道，很不错,标准大床房
H10,2020-06-08,酒店地点很好，海上世界附近。订了一个套房一个大床房，住了一周。疫情期间入住，设施服务都不错，防疫安全也到位。就是酒店有两栋楼，定的**其实不在主楼，但是办理入住和早餐又是在主楼，稍微有点不方便。还好酒店有电瓶车接送，而且最后退房可以在**一楼退。下次入住会再次选择。,南海翼临山套房
H10,2020-06-08,tina and Betty 服务很好哦，喜欢希尔顿,南海翼花园公寓
H10,2020-06-08,酒店超级赞，泡个温泉太舒服了，强烈推荐,豪华湾景大床房
H10,2020-06-08,挺好的凌晨快天亮入住很暖心的自动给我延迟到4点退房，真的挺暖心,标准双床房
H10,2020-06-09,早餐很不错，服务很好！,标准双床房
H10,2020-06-09,服务很好，设施很不错??,标准双床房
H10,2020-06-09,前台服务人员很专业！,豪华湾景大床房
H10,2020-06-09,退房的时候南翼这边的前台经理非常耐心有礼貌..,南海翼南海套房
H10,2020-06-09,离海不远，还不错的,南海翼大床标准客房
H10,2020-06-10,酒店很新，房间够大。去海上世界餐食酒吧非常方便。,标准大床房
H10,2020-06-10,很舒服，免费升级的海景房早上一起来 窗外风景很好,标准双床房
H10,2020-06-10,海景房宽敞明亮，住的舒心,标准大床房
H10,2020-06-10,前台小哥哥小姐姐很热情还帮忙升级海景房景观很好以后要经常去住,南海翼大床标准客房
H10,2020-06-10,感觉很好很舒服,南海翼临海套房
H10,2020-06-11,多次预定 续住送果盘等 泳池6月底 7月初开放 餐厅还未全部启用 不过并不影响入住体验 摆渡车随叫随到,标准大床房
H10,2020-06-11,南翼日式风格装修 套房空间大 较为安静 性价比高 管理水准较高 服务态度优良 离蛇口码头近 出行方便,标准大床房
H10,2020-06-11,服务态度非常不错,豪华湾景双床房
H10,2020-06-12,两栋楼之间还不近呢，有点麻烦,标准大床房
H10,2020-06-12,设施陈旧，房间格局不好,标准大床房
H10,2020-06-12,海景很不错，酒店很新,标准大床房
H10,2020-06-12,万恶的五个字,南海翼大床标准客房
H10,2020-06-12,体验一般般吧,标准大床房
H10,2020-06-12,万恶的五个字,南海翼大床标准客房
H10,2020-06-12,位置很好，风景超棒,标准大床房
H10,2020-06-12,万恶的五个字,南海翼大床标准客房
H10,2020-06-12,万恶的五个字,南海翼大床标准客房
H10,2020-06-13,完美的一次酒店庆生，前台帅哥安排的床对着海景的房间，虽然是阴天但这样的海湾更有暴风雨来临前的宁静和安逸。附近的滨海步道，别墅清吧，都给这次住店带来了额外的惊喜。酒店的房间图并未体现出房间实际的大小，因为不是一般酒店大单间的模式，这里的房间都是功能性更全的。酒店把现代抽象艺术和中国意象派水墨画结合，让人耳目一新，仿佛置身艺术殿堂一般。,豪华湾景大床房
H10,2020-06-13,16层的bar夜景很赞！酒店距离 “海上世界”很近，但是酒店里面很安静舒适，环境优美。,南海翼大床标准客房
H10,2020-06-13,太闷了，屋里没有窗通风！,豪华湾景大床房
H10,2020-06-13,前台服务很专业,标准大床房
H10,2020-06-13,非常不不饿,标准大床房
H10,2020-06-14,TINA服务很,南海翼大床标准客房
H10,2020-06-14,再次入住，一如既往的好 每次过来天气都不错，我住的是临海套房，早上五六点起来看日出 心情很好哦 拍了很多美美的照片,标准大床房
H10,2020-06-15,出差就住这个酒店，很不错，风景也美。,标准大床房
H10,2020-06-15,闹中取静，深圳湾风景尽收眼底,南海翼临海套房
H10,2020-06-15,环境超级好，美好的一晚，超级幸福，留下太多感动，小辣椒，我爱你，我要娶你做我大头鱼的老婆，你愿意吗？嫁给我,豪华湾景大床房
H10,2020-06-15,酒店服务态度和设施都很满意，酒店还有洗衣房和健身房，可以洗衣服，很方便，早餐也不错，种类齐全，很可口，客房大姐也很亲切，房间卫生干净整洁，值得推荐,南海翼大床标准客房
H10,2020-06-15,前台服务好！设施完善,标准大床房
H10,2020-06-15,还不错 都比较好,标准大床房
H10,2020-06-15,服务都达标！,标准大床房
H10,2020-06-15,老牌酒店，不错,标准大床房
H10,2020-06-16,位置在蛇口中心位置，不过疫情期间新楼的房间没开，但是订酒店的时候没有告知。房间中规中矩，电视机坏了休了很久。感觉一般。,标准大床房
H10,2020-06-16,酒店环境优美,豪华湾景大床房
H10,2020-06-17,环境超级棒,标准双床房
H10,2020-06-17,住宿体验不错,豪华湾景双床房
H10,2020-06-17,一切都很好,标准大床房
H10,2020-06-18,比较喜欢的一家酒店。毕竟深圳有文化的地方不多。零丁洋边，微波山下，大师设计。,南海翼临海套房
H10,2020-06-19,一如既往地选择该酒店,标准大床房
H10,2020-06-19,本来定的标准大床房，然后酒店给免费升级了海景大床房，连住了三天，感觉非常棒,标准大床房
H10,2020-06-19,房间有点霉味,标准大床房
H10,2020-06-19,房间有点霉味,南海翼大床标准客房
H10,2020-06-20,服务很好 ！,南海翼大床标准客房
H10,2020-06-20,可以的，很满意的一次入住,南海翼高级客房
H10,2020-06-20,对酒店的全面服务非常满意 员工以客为尊 态度积极、主动、热情、耐心。下次还会选择！（PS：一定要去感受的是新楼，老楼aka**矮楼那边设施陈旧，员工态度也很老油条了，各种爱搭不理的。,南海翼南海套房
H10,2020-06-20,一如既往的喜欢,南海翼高级客房
H10,2020-06-21,疫情期间不敢外出度假，只好选择最近的酒店入住，还好酒店令人满意：景观优美占尽地利优势，服务响应及时有温度，尤其是看到带宝宝还特意帮忙延迟了退房，非常感谢酒店同事yolanda的贴心帮助！,南海翼临山套房
H10,2020-06-21,位置很好，旁边就是海上世界，吃的喝的玩的都有了，晚上还可以出去散散步吹吹风，16楼也有露天停的bar，晚上可以上去歌点小酒拍拍照的，景观不错哦,豪华湾景大床房
H10,2020-06-21,早餐很多要由工作人员拿，不方便又费时,豪华湾景大床房
H10,2020-06-21,风景很好 服务周到,豪华湾景大床房
H10,2020-06-21,一如既往地喜欢,标准大床房
H10,2020-06-22,环境非常好，服务人员也很nice，入住的很舒服，下次来深圳还住这里！,南海翼双床标准客房
H10,2020-06-22,环境不错，值得推荐,标准大床房
H10,2020-06-22,房间挺大的,南海翼临海套房
H10,2020-06-22,很好，会再来。,标准大床房
H10,2020-06-22,洗手间的浴缸和洗手台不太干净....其他都不错，海景窗很赞，希尔顿水准，16楼伊甸园的接待小姐姐十分友好，加分,标准大床房
H10,2020-06-23,环境很好服务很好,南海翼临海套房
H10,2020-06-23,不错很不错,标准双床房
H10,2020-06-24,早餐厨师帮着拿，早餐的，防疫工作到位了粉的味道不错，要放点辣椒酱，值得尝试，早餐的算是不错的。泳池没开放。订的普通房，升级海景要200多，海景也很一般。入住率感觉不到一半,标准大床房
H10,2020-06-24,早餐不错，海景不错,南海翼大床标准客房
H10,2020-06-24,酒店环境很好,南海翼双床标准客房
H10,2020-06-24,去深圳的最后一天选择住这里，为了看到海特地定了**套房，相对主楼设施略微老旧了点，不过有二个独立的小阳台看看海景还是非常满足，环境很舒服，下次还会入住的。,南海翼临海套房
H10,2020-06-25,一般吧，，,南海翼临海套房
H10,2020-06-26,酒店游泳池有限，本来带小孩去游泳，结果失望池都没下成，脚都没湿,豪华湾景双床房
H10,2020-06-26,拍出来的照片也太好看了吧,南海翼临海套房
H10,2020-06-26,不错，服务很好,豪华湾景双床房
H10,2020-06-27,这个酒店的服务非常不靠谱，具体有以下几点：,南海翼临海套房
H10,2020-06-27,挺好的，亲子时光,南海翼大床标准客房
H10,2020-06-27,很适合度假 很不错,豪华湾景大床房
H10,2020-06-27,景色确实是好,豪华湾景大床房
H10,2020-06-27,品牌大店，赞！,标准双床房
H10,2020-06-27,出差去住，方便,标准大床房
H10,2020-06-28,门口保安素质有待提高,南海翼临海套房
H10,2020-06-28,酒店位置在海上世界旁边，度假是不错的选择白天可以在房间休息看海，晚上去附近转转都挺方便的，酒店房间卫生方面做的很好，入住体验感觉是很棒的,南海翼高级客房
H10,2020-06-28,设施很齐全，最遗憾的是疫情期间，泳池有人数限制，所以没有游泳????，我女儿有点失望??...，但是平日里入住性价比还是很高的，估计会挑不是节日的时候去,标准双床房
H10,2020-06-29,超级棒的，升级成海景房，环境特别好，房间也挺大，酒店各种生活用品都挺齐全，早餐也很丰盛，而且还有健身房和游泳池，不过没有去游泳池，感觉在酒店和酒店周边也可以很愉快的玩一天,南海翼大床标准客房
H10,2020-06-29,太美的环境了实在，每次去都有不一样的感觉，小朋友超级的喜欢，还可以打篮球，游泳，绿道跑步，休闲游一流的地方,南海翼临山套房
H10,2020-06-29,实在是太好了,南海翼临山套房
H10,2020-06-29,非常棒，以后还会来,标准大床房
H10,2020-06-30,接待朋友，选择了这里。环境很好，海上世界吃喝玩乐都解决了。酒店内的施舍有点久了，可能风格不同。整体入住感不错。,南海翼临海套房
H10,2020-06-30,还可以，又来啦,标准大床房
H10,2020-07-01,环境优美，交通便利，房间干净整洁，服务态度很好,南海翼南海套房
H10,2020-07-01,交通便利，环境优美，房间干净整洁，服务态度很好,南海翼高级客房
H10,2020-07-01,前台妹子态度太好啦，说话又甜，还给我免费升级了套房，100分，非常满意,南海翼高级客房
H10,2020-07-01,睡得很舒服,豪华湾景大床房
H10,2020-07-02,服务态度好，灵活，为客户着想,标准大床房
H10,2020-07-02,凑合啊啊啊啊,南海翼大床标准客房
H10,2020-07-02,住了两次，忘记拍照片，很舒适很满意,南海翼大床标准客房
H10,2020-07-02,非常棒！客服免费升级了海景房,标准大床房
H10,2020-07-02,分为主楼和临海的**，推荐临海的，风景好空气好，睡觉特别香。本来要加床的，酒店免费铺开了沙发做的夜床，非常好。,南海翼临海套房
H10,2020-07-02,还具有吧我,南海翼大床标准客房
H10,2020-07-02,环境地段绝佳,标准大床房
H10,2020-07-02,海景不错，特别喜欢房间的露台，很棒！,南海翼临海套房
H10,2020-07-03,一如既往的喜欢蛇口希尔顿,标准大床房
H10,2020-07-03,环境很好设施齐全,标准大床房
H10,2020-07-03,物超所值，赞,豪华湾景大床房
H10,2020-07-03,一般一般jjj,南海翼大床标准客房
H10,2020-07-05,一如既往的好，就是mini bar 没东西吃了??,南海翼临海套房
H10,2020-07-05,很差的早餐，对不起五星酒店的早餐。,标准大床房
H10,2020-07-05,环境还不错！,南海翼大床标准客房
H10,2020-07-05,房间很舒服，景色也很好！,标准大床房
H10,2020-07-05,房间还是不错的 前台小姐姐很好 升级了海景房 早餐有点少 没什么吃的感觉,标准大床房
H10,2020-07-05,第一次住你们酒店是16年当时感觉不错 今年因为疫情不能出国才选择假期来深圳玩一下 结果酒店体验非常让人失望 房间老旧先不说 毕竟有些年份 酒店设施泳池不开 能理解 疫情嘛 但是服务给差评不是没原因的 酒店前台非常不专业 check out的时候我们需要寄存行李 年轻男接待只接去我妹的行李 看了我一眼也没吭声要帮我拿一下的意思 那我自己拿行李走几步也不是不行 只是从接待台的一边走去另一边 但是就奇怪为什么不帮我拿？？？写寄存牌的时候 有位女客人过来取快递 因为当时年轻男接待 没有接过我的行李 他只把我妹的行李包（一只帆布包）放接待台上 我只好把自己的行李（Prada行李包）放在地上..... 年轻男接待员转头去取女客人的快递并放在接待台上 才回来继续写寄存牌 交给我们寄存牌后就说OK了 我说我的行李包放哪 他说就放地上 我就觉得非常生气了 因为从寄存行李开始 我就觉得没有受到公平对待 我给的房费为什么不帮我拿一下行李 而是看我一眼继续走 为什么我的行李包不能放桌子上 而是放地上 因为不配么？ 为什么客人的快递可以放在接待台上 不影响美观么？ 疫情期间虽然酒店房价快便宜了一半 不代表服务可以偷懒吧？ 完全不知道尊重客人 找了值班经理投诉 也只会说些客套的话一点诚意也没有 不知道现在为什么服务管理变得这么差 这个疫情期其他酒店的均价就撑死 600左右 你们酒店房价算是较高的了 洲际也就比你们贵一点 一开始选你们酒店就是想着虽是贵几百块但是服务应该能跟上 而且之前住过体验也不错 结果这次让人太失望 体验太差 以后也不会再住了,标准双床房
H10,2020-07-06,我自己做酒店家具配套的就特别对木作类的关注，装修的风格，产品的品质，整体搭配，功能区等等真的是一个五星级酒店应该有的水平，很棒！下次也会入住在这里,南海翼大床标准客房
H10,2020-07-06,希尔顿真的不是浪得虚名，虽然不是海景房，但我也特别满意了！！！！！,标准大床房
H10,2020-07-06,海景不错，推荐入住,豪华湾景大床房
H10,2020-07-06,酒店早餐如何,南海翼大床标准客房
H10,2020-07-07,服务优秀！,标准大床房
H10,2020-07-07,不错(*?`?)?,南海翼临海套房
H10,2020-07-07,很不错的选择,标准大床房
H10,2020-07-08,实在是太好了,标准双床房
H10,2020-07-08,品牌酒店一如既往的舒适,豪华湾景大床房
H10,2020-07-08,环境还可以，紧邻大海！,豪华湾景大床房
H10,2020-07-08,环境好 床垫好舒服 唯一缺点 早餐水准下降 种类少 想要现做的蛋卷和煎蛋都没有 都是提前煎好的 放久了 干巴巴的 简直是三星标准,南海翼临海套房
H10,2020-07-09,早餐挺不错的，酒店环境非常好，海景房的景观更赞！,标准大床房
H10,2020-07-09,前台很热情，办事细心，态度和蔼，非常值得表扬！早餐热菜少了点，但是酒店的服务弥补不足，，下次来深圳还会住这里,标准双床房
H10,2020-07-09,非常棒，丢了皮带在房间，还及时打电话给我,南海翼大床标准客房
H10,2020-07-09,完美，多次预定,标准大床房
H10,2020-07-10,宝贝宝贝宝贝宝贝宝贝宝贝,豪华湾景大床房
H10,2020-07-10,环境好 卫生好,标准双床房
H10,2020-07-10,环境很好，酒店不错,南海翼临海套房
H10,2020-07-10,蛇口片区最舒适酒店,标准大床房
H10,2020-07-11,酒店环境很好很新，海景视野很广，房间也很干净，下次去还会选择这里,标准大床房
H10,2020-07-11,前台服务员一言难表！！！,标准大床房
H10,2020-07-11,前台服务人员比较呆板！,标准大床房
H10,2020-07-11,酒店很不错 感觉睡的很好 服务也很到位 下次还会在住,标准大床房
H10,2020-07-11,一切都非常好??,标准大床房
H10,2020-07-12,预订了海景房，景观不错，但是入住房间的给予时间比较久，四点都没入住。有点小遗憾,豪华湾景大床房
H10,2020-07-12,历史悠久，有分新翼和旧翼。总体感觉优雅休闲，适合度假。距离蛇口海上世界很近，吃喝玩乐都算方便！可以推荐！,南海翼大床标准客房
H10,2020-07-12,环境很不错。因为热门，延迟退房比较麻烦,豪华湾景双床房
H10,2020-07-12,周末两天想找个有泳池的酒店，但是又要干净卫生适合小朋友的，选了很久还是决定选择大牌的酒店。酒店周边的环境很好，一边的酒店可以看到海，一边的酒店可以看海上世界。疫情期间要提前预约泳池，有室内和室外的，室外有适合小孩的浅水池，泳池比较干净。唯一不满意的就是没有包自助早餐，小孩早起的话没有早餐吃，单独买要差不多200元/位。茶点的要到10点才开门。,标准双床房
H10,2020-07-12,服务很好 加分,南海翼大床标准客房
H10,2020-07-13,非常不错的酒店,南海翼大床标准客房
H10,2020-07-14,游泳池开放了 不过因为疫情影响需要提前预约并且限制人流量 周边道路正在施工 会有机器作业的噪声 不过酒店隔音效果好 影响不大,南海翼大床标准客房
H10,2020-07-14,酒店服务很好 风景也不错 房间给人一种放松舒适的感觉 让人很舒服 睡的也很好,标准大床房
H10,2020-07-14,非常好?? 房间叫餐服务微信下单，味道非常好吃。房间宽敞视野好，网络速度快且访问无障碍，非常适合商务旅行居住！,标准大床房
H10,2020-07-15,不错。。。。。。,南海翼大床标准客房
H10,2020-07-15,服务非常好，不愧是五星级酒店,南海翼高级客房
H10,2020-07-15,前台服务急需提升合理变通处理！！n,标准大床房
H10,2020-07-15,这家环境、位置都很棒，没事在海边走一走，很方便。,南海翼大床标准客房
H10,2020-07-15,3031房特别舒服,南海翼高级客房
H10,2020-07-16,早餐好差，品类不全而且品质一般。房间配置一般。酒店服务一般。,豪华湾景双床房
H10,2020-07-16,位置真的很不错，面朝海景视野开阔，房间设施设备齐全床蛮大的，有淋浴也有浴缸，边上就有商圈购物吃饭很方便，早餐品种很少，美中不足,标准双床房
H10,2020-07-16,还可以，装修不错了，别的还好。,南海翼临海套房
H10,2020-07-16,房间住着太舒服了，窗外就是美丽的深圳湾，早上的阳光洒在波光粼粼的海面上，一艘艘扬帆待航的游艇，生活充满了惊喜。,南海翼大床标准客房
H10,2020-07-16,交通方便豪华上档次,南海翼高级客房
H10,2020-07-16,酒店位置、环境无敌，建议预订**的房间,南海翼大床标准客房
H10,2020-07-16,不管是酒店的位置、环境还是服务，非常棒，这次的住店是一次绝佳的体验,南海翼大床标准客房
H10,2020-07-16,嗯呵呵呵额姐姐,标准双床房
H10,2020-07-16,酒店周边风景好,南海翼临海套房
H10,2020-07-17,地段很硬，环境和配置都对得起价格，好评！,标准双床房
H10,2020-07-17,地段很硬，环境和配置都对得起价格，好评！,标准双床房
H10,2020-07-17,酒店很不错景观太好了,南海翼临海套房
H10,2020-07-18,好。。。。,无障碍大床房
H10,2020-07-18,酒店位置太棒了,南海翼大床标准客房
H10,2020-07-18,基础设施建设不够完善没有安全套，用户体验很差！,南海翼临海套房
H10,2020-07-18,服务非常好,标准双床房
H10,2020-07-18,环境很好，窗外就是深圳湾，晚上能吹着海风。酒店服务周到，餐食也很不错,南海翼大床标准客房
H10,2020-07-18,位置很好，就是服务对不起价格，带孩子游泳跑了两三趟,南海翼豪华客房
H10,2020-07-19,服务很好??,标准大床房
H10,2020-07-19,环境很好，设施设备齐全，非常适合喜欢看海发呆放松的朋友前来入住。,豪华湾景大床房
H10,2020-07-19,各方面硬、软件都不错！,南海翼豪华客房
H10,2020-07-19,住吧 环境挺好的,标准双床房
H10,2020-07-19,第N次入住了，必须好呀,南海翼大床标准客房
H10,2020-07-19,蛇口希尔顿酒店**的环境会更为安静隐私一些，配套设施也非常棒，服务亲切，更喜欢漫步它附近的海滨长廊，下次会再入住,南海翼临海套房
H10,2020-07-20,这次住了**这边，很不错，房间内饰风格简洁优雅，环境好，离海上世界近，离滨海公园也近，晚上去海边散步很惬意。美中不足的是洗漱用品差了些，洗发水沐浴露感觉不太好。,标准双床房
H10,2020-07-20,希望下次再来的时候 全国疫情已成历史 各种设施全部开放,南海翼大床标准客房
H10,2020-07-20,地理位置优越，出门就是海。,南海翼大床标准客房
H10,2020-07-20,环境好，看海很漂亮,豪华湾景大床房
H10,2020-07-20,不错，商务出差或休闲度假都可以,南海翼大床标准客房
H10,2020-07-20,相当不错的海景房酒店，！n?n?n,标准大床房
H10,2020-07-20,不错的。还行,南海翼大床标准客房
H10,2020-07-20,还可以，不错,标准大床房
H10,2020-07-21,环境超好，无敌美景。**套房的景色好的没法说。清晨拉开窗帘看见清风，白云，阳光从云间点点洒落。黄昏一杯酒，看夕阳，看云霞满天，看波光粼粼。晚间坐高椅，看星空点点，看凡间烟火。何似在人间??,南海翼临海套房
H10,2020-07-21,这个套房有点旧，阳台感觉与房间内部不匹配有种差异感，但地理位置环境还是十分好的，特别喜欢外面的景,南海翼临海套房
H10,2020-07-21,总体蛮满意的，设施在同档次酒店中属于中规中矩，但是环境还是一流的，十分喜欢这个位置看蛇口湾的感觉，下次还会再来,豪华湾景大床房
H10,2020-07-21,定了三间，就给了一间海景房,标准大床房
H10,2020-07-21,环境可以硬件条件不错,标准大床房
H10,2020-07-21,还不错可以,无障碍大床房
H10,2020-07-21,海景房景观不错,标准大床房
H10,2020-07-22,酒店位置很好，环境好服务好，早餐丰富，出门就是深圳湾海岸线，晚上海边吹风，周边有招商局广场，吃饭很方便，也比较安静，就在酒店附近也有好多玩儿的地方。很不错的体验,豪华湾景双床房
H10,2020-07-22,酒店分为主楼和**两边，设施和位置都相当不错，前台接待和服务人员也很细致入微，酒店自助早餐还算丰富，都是服务人员帮助取的,标准大床房
H10,2020-07-22,风景很不错,标准大床房
H10,2020-07-23,1.设施：室内室外游泳池都需要提前预约；房间：主楼房间没有窗户，空气不太好，小孩子鼻子很敏感喷嚏不停；早餐：品种不多，不属于自助，都是服务员装盘体验感很差。2.服务：服务感受真的挺一般的，进门无人主动拿行李（虽然我不需要迎门提）；游泳馆需要提前预约，订房时都没有短信提醒，办理入住也不会主动提醒。3.卫生：早餐的餐厅餐具没有多干净，房间还好。4.位置还可以的，离海洋世界还有蛇口港近。,豪华湾景双床房
H10,2020-07-23,**就是以前的南酒（蛇口**酒店）。经过改造已经焕然一新，真心对得起南酒的历史。地下停车场车位足够，这也是一个亮点，对开车的人来说非常重要。,南海翼大床标准客房
H10,2020-07-23,替朋友预定，很好的体验！,标准双床房
H10,2020-07-24,五星酒店服务的热情一般,标准双床房
H10,2020-07-24,订的是豪华海景可是只看到一点海，环境很一般。,豪华湾景双床房
H10,2020-07-25,朋友特别满意，还给升级了房型，视野特别好，阳台也很大，房间也是！前台服务也很到位，酒店虽然时间有点久远，但硬件一点不差！,标准大床房
H10,2020-07-25,早餐有点贵，适合带孩子,南海翼大床标准客房
H10,2020-07-26,最喜欢入住深圳南山蛇口这家希尔顿酒店，有地面和地下停车场，基本都有位置，因为是度假型酒店，周末入住人会多一点哦！,标准大床房
H10,2020-07-26,出行入住都喜欢首选希尔顿酒店，很有家的感觉，装修风格是我喜欢的，服务方面细致周到，经常住**希尔顿这家。,标准大床房
H10,2020-07-26,还蛮好的，服务也行,南海翼临海套房
H10,2020-07-26,一般，房间很小，,标准大床房
H10,2020-07-27,早餐一般，种类少,豪华湾景大床房
H10,2020-07-28,酒店环境整洁，房间布局堪称完美，优雅又不失情调，服务周到，让人无比舒心。给我营造了一种家的感觉，无论大处到小处都是那么无懈可击，价格也很合理。,标准双床房
H10,2020-07-28,酒店环境整洁，房间布局堪称完美，优雅又不失情调，服务周到，让人无比舒心。给我营造了一种家的感觉，无论大处到小处都是那么无懈可击，价格也很合理。非常好,标准双床房
H10,2020-07-28,开心快乐过,南海翼高级客房
H10,2020-07-29,周边环境好?? ，但等房的时间有点长,南海翼南海套房
H10,2020-07-30,哈哈哈哈哈哈哈,南海翼大床标准客房
H10,2020-07-30,很好，非常满意,标准大床房
H10,2020-07-31,这个性价比还是可以的，离海上世界很近，**的装修更喜欢！,南海翼大床标准客房
H10,2020-07-31,非常优美时尚卫生的酒店；所有工作人员热情周到！由于房间安排不过来，被升级到望海的房间！前台工作人员，非常细心体贴！特别点赞是7.29.中午1点到2点之间有位前台的女士，还有7.30.中午前台的小张！以后还会来！,标准大床房
H10,2020-07-31,服务非常好??前台很nice，退房是礼宾部小帅哥帮忙送房卡过去就可以了，我们直接开车走了。然后酒店发现我的项链掉到酒店，又给我快递过来，太感谢了，这次还住你家^_^,标准双床房
H10,2020-07-31,服务好、环境好,豪华湾景双床房
H10,2020-07-31,服务好、环境好,南海翼双床标准客房
H10,2020-07-31,酒店硬件很不错，环境也很棒。就是酒店大堂门口穿白衬衣的职员（量体温的那个）态度很差，进入停车场的交通指示不清晰。,豪华湾景大床房
H10,2020-07-31,非常好，在阳台上吹海风吃宵夜太舒服??远眺香香港看海景，朋友也说很舒服，首选酒店，步行500米海上世界,南海翼临海套房
H10,2020-07-31,住过这么多五星酒店，没遇过这么差的！,标准双床房
H10,2020-07-31,周边配套设施齐全,豪华湾景双床房
H10,2020-08-01,还不错吧。,豪华湾景大床房
H10,2020-08-01,性价比超高,南海翼临海套房
H10,2020-08-01,免费升级为高楼层海景房，值得一赞!,标准双床房
H10,2020-08-01,一般般吧，旁边是工地,南海翼大床标准客房
H10,2020-08-01,各回各家了可口可乐了,标准双床房
H10,2020-08-01,感觉还可以,标准双床房
H10,2020-08-01,海景很漂亮,南海翼大床标准客房
H10,2020-08-02,前台看我带了两个小孩，就建议住主楼，还升级了海景房，主楼房间很好，很新很大，酒店大堂也漂亮，我们家一岁的妹妹走来走去超开心，哥哥在室外游泳池也很开心，有个大泳池就够小朋友玩两天了。酒店离海上世界很近，晚上走路过去，有的吃有的玩。以后来深圳就住这里，度假的好酒店，推荐！,南海翼大床标准客房
H10,2020-08-02,酒店位置很好，旁边有艺术馆和海上世界，酒店的环境很好，绿植很多，可以看到海，旁边还有海景步道。房间内部干净舒适，有阳台。,南海翼高级客房
H10,2020-08-02,早餐挺好的；酒店就在海边，风景很漂亮；酒店有室内室外游泳池，小朋友玩水超开心，只不过现在疫情期间，游泳都要预约，室内总是约满；酒店房间大，装修新。,南海翼大床标准客房
H10,2020-08-02,定的海景套房，前面一栋楼堵着海，也算海景房？？？,南海翼临海套房
H10,2020-08-02,不太隔音。其他还好。,标准大床房
H10,2020-08-02,1.房间有霉味2.窗外景色完爆路边88元小旅馆3.酒店房型多了个翼字就不是同一个地方，前台说摆渡车送过去，前台小弟态度不错，但摆渡车司机态度不行，嫌行李多不给送4.都什么年代了，还要交1000元押金,南海翼高级客房
H10,2020-08-03,早餐豐盛也好吃，防疫工作也很到位。放假也舒適乾淨，唯一可惜的是桌上有茶具但沒茶葉?使用不上啊??,南海翼临海套房
H10,2020-08-03,特别非常完美,南海翼南海套房
H10,2020-08-03,品牌有保证,标准双床房
H10,2020-08-04,没办法找缺点，硬要找茬的话就是外卖总送错，有高的和矮的两个房型,标准大床房
H10,2020-08-04,来深圳办事，选择住在蛇口希尔顿，位置很好，楼下就是海边，离海上世界也很近， 疫情期间酒店的防控也做的很到位，入住的主楼海景房，很喜欢窗外的风景，下次来到深圳，还会住在希尔顿。,豪华湾景大床房
H10,2020-08-04,**很适合家庭度假，酒店区域很大，设施齐全！,南海翼大床标准客房
H10,2020-08-05,酒店很不错 挺干净的,南海翼高级客房
H10,2020-08-06,马马虎虎吧！,南海翼临山套房
H10,2020-08-06,早餐丰盛，服务也很周到。环境和景色也棒棒哒！还给升级到了山景套房，一个人住感觉有些空旷，好奢侈哈哈哈哈,南海翼大床标准客房
H10,2020-08-07,酒店附近海上世界吃的很多可以加床不过酒店本身床很大 标间床宽1.37m 很适合带孩子和家人出行干湿分区很棒厕所镜子很漂亮早餐不错景色很美,豪华湾景大床房
H10,2020-08-07,没拍照，觉得酒店好像有点年代了，不算很新。但地理位置的确是很好。走两步就到了海上世界，现在海上世界也开了很多酒吧餐厅，茶饮店，晚上吹吹海风，在那逛一逛也挺舒服的。,南海翼大床标准客房
H10,2020-08-07,酒店很棒可以加床景色很美早餐不错服务很好 楼上酒吧不错 可惜游泳池关的太早没有体验上 镜子很适合拍照,豪华湾景双床房
H10,2020-08-07,每周每两周都来 不是因为便宜 不是因为高端 只是在苦逼的出差过程中享受些许安逸 接触多了 此酒店管理人员的专业素质值得好评,南海翼豪华客房
H10,2020-08-07,标准五星级酒店早餐 暑期了 明显带孩子的多了 还有带孩子一早去篮球场的 带女友去网球场的 酒店位置安静 停车场免费停车,标准双床房
H10,2020-08-07,挺好，不错，。,豪华湾景双床房
H10,2020-08-07,阳台没有座椅,南海翼临海套房
H10,2020-08-07,"出差经常住这边，疫情期间酒店在消毒清洁方面增加了很多措施。听楼层经理Delia说他们现在有一个清洁无忧住项目，是希尔顿在全球各地酒店新推出的清洁和消毒标准，这确实让我们经常出差的人感觉很放心和安心。酒店风景非常棒，值得常来。感谢Delia, Jason,陈耀斌对我的关照",豪华湾景大床房
H10,2020-08-08,帮我们升级了房间，挺好的，房间大可以会友，海景无敌好，自助餐有些简单，但是服务超级好,南海翼高级客房
H10,2020-08-08,酒店设施服务态度都特别好,南海翼豪华客房
H10,2020-08-08,海景景色很好 床品舒适 个方面都很好,标准大床房
H10,2020-08-08,酒店服务特别好，我在酒店大堂丢了耳机，打电话过去寻找说没找到，后来找到了，还给我回电话跟我确认耳机信息，最后顺丰快递给我寄回，很负责任，很感谢,南海翼大床标准客房
H10,2020-08-08,确实不错，很卫生，很干净，临近海边，晚上可以在海边散步，对面是海上世界，很多吃的。,豪华湾景大床房
H10,2020-08-08,早餐挺全的，有停车场，总体挺好的,豪华湾景大床房
H10,2020-08-08,自助餐还不错,标准大床房
H10,2020-08-08,很好的入住体验,标准大床房
H10,2020-08-08,很好的入住体验,标准大床房
H10,2020-08-08,住的很不错,标准大床房
H10,2020-08-08,?? 床睡的舒服 服务员态度很好 酒店大气 装修风格中西结合 拍照很有感觉 有再去办公还会继续住那里????,南海翼双床标准客房
H10,2020-08-09,房间舒适，防控到位,标准双床房
H10,2020-08-09,配套还是差了点。,南海翼临海套房
H10,2020-08-09,房间有点偏小，环境不错,豪华湾景大床房
H10,2020-08-09,? ??? ????? ??? ?? ?? ? ? ???? ??????? ?????,标准双床房
H10,2020-08-09,夜景很美！不错,行政湾景双床房
H10,2020-08-09,早餐午餐自助不错，海景房值得体验。,南海翼豪华客房
H10,2020-08-09,无早，可加床，适合带小孩！！！！！！！！！位置肯定好啊，有停车场！！！！！！！！！！！！！！！！！！！！！,南海翼豪华客房
H10,2020-08-09,行政豪华房海景不错,南海翼高级客房
H10,2020-08-09,从南山的这边到山那边住店过周末，真心不错，周五去的住一晚还免费升套房了,南海翼高级客房
H10,2020-08-10,很不错，希尔顿顶级标准，环境优美，大堂非常气派，安静舒服，周边就是海上世界，还有栈道可以一直延伸到深圳湾，商务酒店中的度假休闲感受。,标准双床房
H10,2020-08-10,油烟味循环到房间里，根本没法睡觉，还是凌晨！,南海翼大床标准客房
H10,2020-08-10,商务出差家庭出游都适宜,豪华湾景大床房
H10,2020-08-10,位置很好适合亲子游,标准双床房
H10,2020-08-10,刚才写过了，被油烟熏醒！,南海翼无障碍客房
H10,2020-08-10,环境卫生硬件都很好,南海翼豪华客房
H10,2020-08-10,中规中矩没太多惊喜,豪华湾景双床房
H10,2020-08-10,凌晨五点半到六点之间，被做菜的油烟味道给熏醒了！房间里全是油烟味！酒店的中央空调肯定循环有问题，本来好好的一个体验给弄成这样，逼得我这钻石会员留个言,南海翼大床标准客房
H10,2020-08-11,性价比太低,南海翼临山套房
H10,2020-08-11,服务太繁琐了，一份姜茶80，性价比低,南海翼临海套房
H10,2020-08-11,酒店环境非常棒，望海房间可以直接看到游艇码头和泳池，景色很好，卫生管理也很干净，早餐可能是受疫情影响，感觉一般般,标准双床房
H10,2020-08-12,去休假住海景房还是很舒服的！,南海翼豪华客房
H10,2020-08-12,酒店周围环境优美，附近300米有餐饮中心，方便。,豪华湾景大床房
H10,2020-08-12,酒店位置好，可以看到海景，就在游艇会旁，可以看到深圳湾，海上世界也不远，有停车场非常方便，早餐还算丰富，中西结合很不错,南海翼大床标准客房
H10,2020-08-12,客房干净整洁，服务态度很好??,南海翼临海套房
H10,2020-08-12,定了海景房，给了10楼，没有阳台，不如7-8楼的好，还是希望有阳台，这样可以看风景。其他都不错，是很值得推荐的酒店。,南海翼临海套房
H10,2020-08-12,酒店很好，海景房,标准大床房
H10,2020-08-12,客服人员都热情，耐心，酒店太美啦，无敌大海景，点了一个lunch，望着海湾，非常舒服，以后回来的，真心推荐,标准大床房
H10,2020-08-13,酒店环境很好，位置也佳，带孩子玩住很愉快，最nice的是16楼的酒廊，晚上整个蛇口港净收眼底(?-?;)，前台小张服务很到位，还会再住。,行政双床房
H10,2020-08-13,总体感觉不错，多次入住了，价格还算合理，房间和市区比较算比较大了，卫生和服务也还比较满意。,豪华湾景大床房
H10,2020-08-13,不错，我睡觉没这么舒服过,标准双床房
H10,2020-08-13,服务??，范围赞,豪华湾景大床房
H10,2020-08-13,整個酒店面積很大 很氣派第一次入住 服務態度也非常好 免費給我們升級了海景房 愛了愛了 房間裝修也是以現代風格為主調 高級優雅總之 體驗感真的超級棒！！都覺得只住了一天太可惜了 想繼續住下去,南海翼高级客房
H10,2020-08-14,泳池真的非常不错，2米全深！,南海翼大床标准客房
H10,2020-08-14,符合希尔顿的一贯标准,南海翼大床标准客房
H10,2020-08-14,可惜疫情室外游泳池不开,南海翼临山套房
H10,2020-08-14,环境可以，就是房间装修不行，洗漱的地方特别小，不止这个价。有室外游泳池。酒店外步行5分钟就有许多餐厅。,无障碍大床房
H10,2020-08-15,在蛇口深圳游艇俱乐部那里，周边环境特别好，**楼安静，房间舒适,南海翼临海套房
H10,2020-08-15,深圳第一家五星级酒店，之前是美丽华酒店管理，现在是希尔顿**酒店，酒店位置很好，出酒店就是深圳著名景点“海上世界”，这是到深圳旅游必到之处。早餐一般般，比较适合带孩子来有室外泳池，免费地下停车库，加床需要付费的。,豪华湾景大床房
H10,2020-08-15,很好，孩子很喜欢！下次还会去。,豪华湾景双床房
H10,2020-08-15,消费不透明，有欺诈顾客现象，收费不明确，乱收费,标准双床房
H10,2020-08-16,地理位置比较优越，紧贴海湾。订的**临海套房，**楼外观比主楼还是差一点，房间内部还不错，卫生干净。但是可能由于没有排风设施，屋内有一点味道，希望作出改进。床不够大，洗浴用品有点次。早餐比较一般。整体属于中庸水平吧。环境加分高。,南海翼临海套房
H10,2020-08-16,夜间入住 前台服务态度很一般 其他都很好,标准双床房
H10,2020-08-16,非常棒的酒店，海景很美，就是早餐几乎没有好吃的,标准双床房
H10,2020-08-16,房间看海，风景好，楼下就是海边的海湾，可散步。房间隔音不错，住着舒服。早餐品种不是很多，味道还可以。,豪华湾景大床房
H10,2020-08-16,非常好的体验,标准双床房
H10,2020-08-16,笑死了这个是1000块的山景房间。1??服务态度差：办理入住等了很久就算了，那个服务员态度还不好。我们定的房间他说在隔壁栋，不是大堂这一栋要走一会，然后也不安排礼宾车，也不安排工作人员带领我们走，反正就大热天的让我们自己拖着行李箱自己找。后面实在找不着去问了个咖啡厅服务员，他说你先左转再左转再直走在右转一直走就到了。？？？？这是在跟我玩游戏吗？什么垃圾。后面看我生气了，他就说那给您安排礼宾车吧……我真的笑死了，我已经拖着行李箱走了十来分钟了！现在才安排吗2??这个图片就是所谓的山景房，原本想定海景的，但是本身就是海边城市过来的，想说定个山景看看山应该很舒服，而且宣传图拍的那么好看，结果进来房间的时候我都无语子了，这特么是山景吗。工地景吧？？住过这么多酒店，第一次住到这么搞笑的五星级酒店，差评！！！！！,南海翼临山套房
H10,2020-08-16,非常一般化,南海翼豪华客房
H10,2020-08-16,房间老旧、连续两个周末入住、打破一个刷牙的杯子扣48元、有这么贵的杯子吗？再也不会入住、对希尔顿的印象大打折扣！,南海翼高级客房
H10,2020-08-16,"Le service n'est pas  la hauteur d'un tel tablissement, je ne recommande pas !",南海翼临海套房
H10,2020-08-17,早餐非常好。适合带孩子。,标准大床房
H10,2020-08-17,环境好，周边景色优美，下次去深圳还要住这家酒店。下客处离总台远，可能是疫情期间，能理解,南海翼高级客房
H10,2020-08-17,早餐不错的,南海翼高级客房
H10,2020-08-18,酒店很不错，环境好，服务好,南海翼大床标准客房
H10,2020-08-18,酒店服务很好，前台服务员耐心，态度好，酒店内部环境很好，有点带禅意的装修风格，适合带家人来度假，游泳池很赞。,南海翼大床标准客房
H10,2020-08-18,海景真的不错大堂接待很客气，态度真的很好，环境优雅安静。一次不错的选择！给好评！,豪华湾景大床房
H10,2020-08-18,各方面都还不错，就是早餐有待提高！,南海翼大床标准客房
H10,2020-08-18,位置好，早餐丰盛,南海翼高级客房
H10,2020-08-18,不错非常好,豪华湾景大床房
H10,2020-08-18,很舒服的酒店,南海翼临海套房
H10,2020-08-18,很不错！值得推荐,豪华湾景大床房
H10,2020-08-18,酒店位于蛇口，旁边就是海湾，风景极佳，离南山区很近，购物比较方便。酒店服务很好，住在**这边，风格更适合家庭旅行。,南海翼豪华客房
H10,2020-08-18,第一次入住，感受非常好，并打算第二次再去住。位置极佳，早餐很丰富，泳池很美，两个室外一个室内，值得一住！,标准双床房
H10,2020-08-19,酒店位置非常好，海洋世界近在咫尺。酒店设施一流，有室内外泳池、面海酒吧，房型大气宽敞。早餐，就5星级酒店而言，没有特别惊喜，但也过得去。服务良好，笑容较少。,标准大床房
H10,2020-08-19,早餐一般吧，够吃的,标准双床房
H10,2020-08-19,日系风装修，很温馨漂亮,南海翼大床标准客房
H10,2020-08-19,不同的房间在两个楼入住 要提前告知,标准双床房
H10,2020-08-19,非常满意！,标准大床房
H10,2020-08-19,疫情期间服务不错，环境优雅，室外泳池很赞，工作人员都很和蔼可亲。地理位置优越，离海上世界很近，步行可到，周边吃得玩得都很多。孩子很开心，说下次还要来过周末！,标准双床房
H10,2020-08-20,酒店位置超棒，免费升级的海景房，还给送了果盘。给小孩子送了儿童牙刷和浴袍，小朋友很开心，我们住的也开心,标准双床房
H10,2020-08-20,酒店环境很干净 服务接待非常棒,豪华湾景大床房
H10,2020-08-20,环境，服务都可以,标准双床房
H10,2020-08-20,感觉很一般,豪华湾景大床房
H10,2020-08-20,环境很不错，非常感谢前台小姐姐Phoebe，人也非常nice，全程都微笑，服务态度非常好！！办理入住也非常快。酒店是分为主楼和附楼 附楼的话需要做个小电车过去，走路几分钟也可以，两栋楼都有早餐和前台。还是非常方便，泳池也是两边楼都有。下次还会来的,南海翼大床标准客房
H10,2020-08-20,爱死这个酒店的风景了，太棒了，对面就是香港哦,豪华湾景大床房
H10,2020-08-21,感觉还不错,标准大床房
H10,2020-08-21,酒店真的很不错，前台小哥哥虽然戴着口罩，但是看的出来还是很帅，服务很棒，希望下次去可以在住一次，多住几天,南海翼大床标准客房
H10,2020-08-21,一般般不值这个价后悔了,南海翼高级客房
H10,2020-08-22,非常适合度假??海景房特别棒,南海翼高级客房
H10,2020-08-22,好。。。。。。。,南海翼大床标准客房
H10,2020-08-22,环境很安静！,南海翼双床标准客房
H10,2020-08-22,非常舒适，位置佳，景色特别好，主楼适合商务，**适合家庭度假。早餐丰富，但要记得戴口罩，疫情期间需要注意。,标准双床房
H10,2020-08-23,环境舒适，房间干净，服务很好??是深圳希尔顿酒店品牌里最棒的一家,南海翼高级客房
H10,2020-08-23,環境非常優美，每年都會去一次蛇口，必住酒店。,豪华湾景双床房
H10,2020-08-23,泳池和16楼的行政酒吧都不错,豪华湾景双床房
H10,2020-08-23,免费升级了南海套房 好评,南海翼临海套房
H10,2020-08-23,服务很周到,无障碍大床房
H10,2020-08-23,本来是打算带小朋友去酒店过周末的，但是疫情期间管理比较严格，无论室内泳池和室外游泳池都需要预约，而且只能是一小时一小时的预约，加上阵雨天气，一会儿雨一会儿晴，只能说这个泳游的太累了，体验感很不好。早餐马马虎虎，服务员提醒客人带口罩的态度，实在是有很大的改善空间。总之，短期之内应该不会再去。 雨大的时候，房间玻璃窗的接缝处漏雨，滴答滴答的影响睡眠。后来服务员垫了毛巾在窗台。,标准双床房
H10,2020-08-23,还可以，整体不错,标准大床房
H10,2020-08-23,地理位置及服务都不错，就感觉这湾景房有点不太理解！,豪华湾景大床房
H10,2020-08-23,趁着暑假带孩子来玩一下，海景房很漂亮，房间很干净，因为带了孩子来，还帮我们配了小孩的牙刷拖鞋，位置也很好,豪华湾景双床房
H10,2020-08-23,千万别误会，我以为我定了蛇口希尔顿，结果是老的酒店，和网红看海的希尔顿新酒店是二回事儿，郁闷，早餐连酸奶都没有,南海翼豪华客房
H10,2020-08-24,海边日出和落日很美，服务很好,豪华湾景双床房
H10,2020-08-24,酒店硬件还算可以，洗漱用品很鸡肋，瓶子表面上说是crabtree and evelyn的，但是用起来感觉是给酒店大批量特供的那种品质非常次的，用起来跟三星酒店感觉一样。游泳池和健身房都不错，就是预约过程实在是太麻烦了，约一次游泳要来回三四次电话确认，然后还要一个部门接到另一个部门，效率有点低。前台整体服务还行，希望可以多些笑容就好了。,标准大床房
H10,2020-08-24,还不错，蛮好的,豪华湾景大床房
H10,2020-08-24,酒店位置不错??停车很方便,标准大床房
H10,2020-08-24,早餐不错，可以带小孩子去，有游泳池和篮球场，,南海翼豪华客房
H10,2020-08-24,酒店位置比较偏僻 但是开车没有影响 酒店的服务实在是太差 分南翼北翼两个楼 因为我们是订了四间同样房型 但是两人先到 我们已经和前说好 无论哪个楼 在一起就行 结果前提可能是换班忘了告之接班的同事 所以我们后两个晚到的人 搞的乌龙 半夜前前后后跑了几圈 前台也是一副既不耐烦的样子……,南海翼大床标准客房
H10,2020-08-24,这家酒店存在拉低了希尔顿的品牌。服务很差。酒店分主副楼，预定千万看仔细，副楼连当地司机都找不到入口。晚上酒店外部走道一片漆黑。主楼设备一看就很旧，副楼能感觉新一点。入住第一天电视不好，打电话维修说仔不好关机重启，重启后结果就再也开不开了。弄完凌晨一点，打电话让第二天给处理结果，第二天处理结果就说要来换电视，朋友直接对他们的服务进行了质疑，然后给升级了主楼海景房。主楼的电视反应犹如上世纪得产品，遥控器按完得等五秒再操作。而且一般因为酒店设备和服务出现问题除了升级会在房间给迎宾水果，这个啥也没有。酒店标注的空间面积完全不符，小的可怜。种种吧，除了外部环境还OK，其他没任何值得推荐，设施服务都很一般。住的最差的希尔顿！,南海翼高级客房
H10,2020-08-25,可以给全五星的酒店，多次入住了，海景无敌，疫情期间价格也很好，服务热情，我提前到店也给了房间，早餐丰富,标准大床房
H10,2020-08-25,非常适合出差和游完入住 吹着海风 风景很好 卫生附近设施各方面也很优秀 总之很推荐 满分 价格也适中,标准双床房
H10,2020-08-26,环境优美，地理位置好，交通方便，房间舒适卫生，服务人员很热情，乐于提供各种帮助，早餐丰富。设施很人性化，网络高速信号好，窗外风景好。性价比不错，下次还要入住,南海翼临海套房
H10,2020-08-26,很棒！服务很周到热情，海景套房,南海翼无障碍客房
H10,2020-08-26,早餐不错，入住快,南海翼花园公寓
H10,2020-08-26,预定过多次了，出差首选,标准双床房
H10,2020-08-26,预定过好几次了 商务出差首选 楼下就是海景也很不错 适合佳人出行游完 服务卫生各方面都很好 非常推荐,标准双床房
H10,2020-08-26,干净整洁入住快,南海翼临山套房
H10,2020-08-26,酒店有露天游泳池，大堂出去右边就可沿着海岸走，看海、看船很方便，周边有海上世界，酒店对面就是海上艺术中心，艺术中心有餐厅和展览，春满园就在四楼，吃住行很方便的一个酒店。,标准双床房
H10,2020-08-26,1、酒店有主楼、副楼，但未提前告知。晚上到达，在副楼办完入住手续告知要去主楼。主楼门口工作人员说往前走右转很快就到了，但晚上灯光光线不好，外面工作人员也很少，通过路上指示牌很难找到主楼入口，体验很差。2、电视机下方的柜子都掉漆了，柜门把手棱角很锋利，一下就把手划破了。3、办理入住手续很繁琐，工作人员问太多问题，丝毫未考虑首先应尽快安排客人入住。总之，这次入住体验太差了。,豪华湾景大床房
